iter	F1	Logloss
0	0	0.6444400224
1	0	0.6013836085
2	0	0.5635810466
3	0	0.5305339349
4	0	0.5014143835
5	0	0.4760701563
6	0	0.453684339
7	0	0.4340924369
8	0	0.416778266
9	0	0.4016836331
10	0	0.3884848585
11	0	0.3767531371
12	0	0.3665297707
13	0	0.3573507104
14	0	0.3418957999
15	0	0.3282862162
16	0	0.3161627508
17	0	0.3052719978
18	0	0.2959161841
19	0.02286682194	0.287605015
20	0.1356743815	0.2801200077
21	0.2828319883	0.2735371554
22	0.3382925965	0.2676338772
23	0.3946830266	0.2625050353
24	0.4239492995	0.2578258456
25	0.4464110128	0.2535281902
26	0.4591439689	0.2499565956
27	0.465408805	0.2467562011
28	0.4618122977	0.2425318484
29	0.4662477848	0.2399054569
30	0.4630048465	0.2362681856
31	0.4676744934	0.2340264288
32	0.4668597169	0.2318536984
33	0.4643893007	0.2288520979
34	0.4683788122	0.2271721032
35	0.4654229656	0.2245676277
36	0.4660880746	0.2230292674
37	0.4622823985	0.220754975
38	0.4667523289	0.219319317
39	0.4643604183	0.2173331398
40	0.4684396027	0.2161284015
41	0.4661533526	0.2143262474
42	0.468745004	0.2133608567
43	0.4725011956	0.2124901503
44	0.4698179495	0.2109275576
45	0.4730052556	0.2073062156
46	0.4730977396	0.2065190928
47	0.4704944179	0.205329767
48	0.4746463201	0.2046530794
49	0.4775646107	0.2018641354
50	0.4804681322	0.1992642034
51	0.4804681322	0.1988186673
52	0.480215258	0.1980244173
53	0.4808846761	0.1960094108
54	0.4808846761	0.1956925376
55	0.4806324111	0.1954185342
56	0.4822359072	0.194829867
57	0.4839981082	0.1931204728
58	0.4854491112	0.1915616754
59	0.485763725	0.1913315931
60	0.4860018874	0.1911178676
61	0.48559282	0.1906324194
62	0.4857547615	0.1902610769
63	0.4867159252	0.1890214868
64	0.4873606532	0.187765433
65	0.4873606532	0.1875859356
66	0.4876746742	0.1874267507
67	0.4883173906	0.1865009692
68	0.4885544058	0.1863575352
69	0.4880803011	0.1861059111
70	0.4879962341	0.1857800576
71	0.4878355046	0.1855219656
72	0.4887147335	0.1847431994
73	0.4887147335	0.1845184625
74	0.488951575	0.1843883206
75	0.4890282132	0.1842770836
76	0.4883173906	0.1840387338
77	0.4879962341	0.1838301577
78	0.4882334484	0.183628192
79	0.4890282132	0.182977572
80	0.4887913466	0.1828794133
81	0.4887913466	0.1827800964
82	0.4888679837	0.1823482978
83	0.4882334484	0.1821548135
84	0.4882334484	0.182045964
85	0.4883866918	0.181877585
86	0.4886310177	0.1817791056
87	0.4886310177	0.1816047041
88	0.4898214845	0.1809622448
89	0.4900579302	0.1805109891
90	0.4902943018	0.1803786378
91	0.4901408451	0.1802584028
92	0.4903003755	0.1801968776
93	0.489827856	0.1800432697
94	0.4897383675	0.1798005366
95	0.4900516998	0.1794483484
96	0.4900516998	0.179399367
97	0.489968652	0.1792639333
98	0.4901222954	0.1791598234
99	0.4899749373	0.1789880412
100	0.4896551724	0.1788675389
101	0.4908379013	0.178685351
102	0.4909916967	0.1785786041
103	0.4913928013	0.1781713407
104	0.4917057903	0.1781248004
105	0.4914697136	0.1778850786
106	0.49154665	0.1775806601
107	0.4916236105	0.1773954967
108	0.4914643696	0.1771838559
109	0.4909916967	0.1769691148
110	0.4910686305	0.1769357241
111	0.4913820119	0.1768138141
112	0.4919316936	0.1765747159
113	0.4929489188	0.1764200567
114	0.4923173409	0.1762543148
115	0.49208588	0.1762153827
116	0.4918495298	0.1761090634
117	0.49208588	0.1759933184
118	0.492476489	0.1758879257
119	0.4923993105	0.1757056665
120	0.4927944862	0.1755771105
121	0.4927173062	0.1755145163
122	0.4925583581	0.1753962947
123	0.4932623002	0.1753027686
124	0.4932623002	0.1752409762
125	0.4932623002	0.1752222139
126	0.4930991217	0.1751154136
127	0.4930991217	0.1749928265
128	0.492940069	0.1748812509
129	0.493412798	0.1748614731
130	0.493412798	0.174808358
131	0.4938039216	0.1744729363
132	0.4938813932	0.1744188591
133	0.4934901961	0.1743705548
134	0.4939588891	0.1742812516
135	0.4934901961	0.1741976679
136	0.4932538437	0.174150397
137	0.4937264743	0.1741070639
138	0.4941988084	0.1740615571
139	0.4941213356	0.1739925662
140	0.4942798934	0.1739544716
141	0.494596711	0.1737869479
142	0.4944383519	0.1737396414
143	0.4943609023	0.173674713
144	0.494596711	0.1735889199
145	0.4945192609	0.1735381568
146	0.4942798934	0.1733556838
147	0.4942798934	0.1733111213
148	0.4946708464	0.17307409
149	0.4945123863	0.1730439065
150	0.4941213356	0.1730130638
151	0.4940438871	0.1729896511
152	0.4942024444	0.1729695703
153	0.4942798934	0.1728396067
154	0.4946708464	0.172662194
155	0.4945158258	0.1726162239
156	0.4942798934	0.1725407295
157	0.4940438871	0.1724242184
158	0.4944348644	0.1723307458
159	0.4944348644	0.1722288097
160	0.4951395422	0.1721330742
161	0.4952171868	0.1720773399
162	0.4949811794	0.1720207146
163	0.4949035597	0.1718841228
164	0.4944348644	0.1716553055
165	0.4943573668	0.1716370065
166	0.4943573668	0.1716047384
167	0.4945933239	0.171549592
168	0.4948292071	0.1715457612
169	0.4955336154	0.1714704628
170	0.4955336154	0.1714608411
171	0.4957693513	0.1714304973
172	0.4957693513	0.1714163321
173	0.4960050133	0.1714017214
174	0.4955336154	0.1712161482
175	0.4960050133	0.1711330099
176	0.4960050133	0.1711126797
177	0.4959273183	0.1711064613
178	0.4958496476	0.1710672976
179	0.4959273183	0.1710294168
180	0.4960851863	0.1710157504
181	0.4960075153	0.1708855195
182	0.4960075153	0.1707805009
183	0.4962429555	0.1707600638
184	0.4960851863	0.1707070378
185	0.4963983714	0.1706178415
186	0.4973379267	0.1703873315
187	0.4974953037	0.1702972087
188	0.4974953037	0.1702689139
189	0.4974953037	0.1702348105
190	0.4975731956	0.170201099
191	0.4975731956	0.1701784347
192	0.4974953037	0.1700963477
193	0.4975731956	0.170035268
194	0.4975731956	0.1700244347
195	0.4978083907	0.1699982068
196	0.4977304743	0.1699845405
197	0.4977304743	0.1699730301
198	0.4977304743	0.1699453768
199	0.4977304743	0.1699352562
200	0.4982785603	0.1698930278
201	0.4983565503	0.1698123128
202	0.4985135347	0.1697719553
203	0.4985135347	0.1697652914
204	0.4984355444	0.1697345734
205	0.4985135347	0.1696529141
206	0.4984355444	0.1696354169
207	0.4982796372	0.1696114875
208	0.4985924304	0.1695965739
209	0.4985924304	0.1695824265
210	0.4980435123	0.1694578261
211	0.4981214778	0.1693902963
212	0.4979655712	0.1693618946
213	0.4978876545	0.1693376979
214	0.4985915493	0.169274195
215	0.4985915493	0.1692581054
216	0.4985915493	0.1692445282
217	0.4986695884	0.1690902075
218	0.4989045383	0.1690605586
219	0.4989045383	0.1690500104
220	0.4988264747	0.1690327092
221	0.4989826264	0.16896395
222	0.4987476518	0.1689546847
223	0.4985126037	0.1689196191
224	0.4985126037	0.1688331667
225	0.4985126037	0.1688063865
226	0.4985126037	0.1687964797
227	0.4999217895	0.1686142741
228	0.4999217895	0.1686024608
229	0.4998436034	0.1685670032
230	0.4998436034	0.1685387797
231	0.4997654418	0.1685116787
232	0.4998436034	0.1684499754
233	0.4997654418	0.1684393381
234	0.4997654418	0.1684215915
235	0.4996873046	0.1684122193
236	0.4996873046	0.1683853143
237	0.4996873046	0.16837204
238	0.4995308101	0.1682576848
239	0.4992961051	0.1682348423
240	0.4997654418	0.1682203207
241	0.5	0.1682090598
242	0.5	0.168187999
243	0.5	0.1681805868
244	0.5	0.1681681856
245	0.5	0.1681578156
246	0.5000781861	0.1679898464
247	0.4998436034	0.1679810265
248	0.4998436034	0.1679615872
249	0.4997654418	0.1679099866
250	0.5	0.1678486753
251	0.5000781861	0.1678450404
252	0.5000781861	0.1678316058
253	0.5000781861	0.1678063222
254	0.5	0.1677064886
255	0.5	0.1676871027
256	0.5	0.1676768931
257	0.5	0.1676543
258	0.5	0.1676415068
259	0.5	0.1676340767
260	0.5	0.1676203391
261	0.5000781372	0.1675590634
262	0.5003125	0.1675402834
263	0.5003125	0.1675282207
264	0.5002344849	0.1674723616
265	0.500390686	0.1674638981
266	0.5004688965	0.167448646
267	0.500390686	0.1674321823
268	0.5005471315	0.1673723677
269	0.5004688965	0.1673564207
270	0.5004688965	0.1673457477
271	0.500625	0.1672454331
272	0.500625	0.1672034007
273	0.500625	0.1671917478
274	0.500625	0.1671762106
275	0.500625	0.1671689231
276	0.500625	0.1671578047
277	0.500625	0.1671483256
278	0.500625	0.1671406105
279	0.500390686	0.167088119
280	0.5003125	0.1670785686
281	0.500390686	0.1670715483
282	0.500390686	0.1670677353
283	0.500390686	0.1670491869
284	0.5003125	0.1670463895
285	0.5004688965	0.1670261662
286	0.500625	0.1670116624
287	0.500625	0.1670083127
288	0.5005467896	0.1668684601
289	0.500625	0.166853404
290	0.5009375	0.1668408424
291	0.5010934083	0.1668360494
292	0.5010934083	0.1668108905
293	0.5011716919	0.1667935894
294	0.5013275027	0.166743824
295	0.5014058107	0.1667377838
296	0.5014058107	0.1667320999
297	0.5013275027	0.1667162598
298	0.5015625	0.1666934351
299	0.5016408814	0.1666708954
300	0.5014066896	0.1666502802
301	0.5014066896	0.166644525
302	0.5014066896	0.1666315357
303	0.5013283326	0.1666284354
304	0.5014066896	0.1666085329
305	0.5014066896	0.1666049515
306	0.5013283326	0.166591588
307	0.5017192873	0.1665253233
308	0.5017192873	0.166521831
309	0.5017192873	0.1665145435
310	0.5016408814	0.1664999685
311	0.501875	0.1664832019
312	0.5017965943	0.166475166
313	0.5017965943	0.1664688941
314	0.5014841431	0.1664297839
315	0.5014841431	0.1664154939
316	0.5016408814	0.1664075471
317	0.5015625	0.1663893907
318	0.5016408814	0.1663865577
319	0.5015625	0.1663755284
320	0.5016408814	0.1663540222
321	0.501875	0.1663243733
322	0.501875	0.1663156781
323	0.5016408814	0.1663006933
324	0.5019534302	0.16629182
325	0.5021875	0.1662715076
326	0.5021875	0.166270296
327	0.5021875	0.1662548479
328	0.5021875	0.1662371013
329	0.5021875	0.1662315065
330	0.5022659791	0.1661644221
331	0.5022659791	0.166160128
332	0.5024214966	0.1660308593
333	0.5024214966	0.1660186897
334	0.5025	0.1660059321
335	0.5025	0.1659959184
336	0.5025	0.1659776016
337	0.5025	0.1659756239
338	0.5024214966	0.1659540286
339	0.5025	0.1659276047
340	0.5028928851	0.1658115746
341	0.5028928851	0.1657927946
342	0.5029715358	0.1657383253
343	0.5029715358	0.1657074291
344	0.5029715358	0.1657046673
345	0.5032056294	0.1656933708
346	0.5035183737	0.1656826444
347	0.5032056294	0.1656442112
348	0.5032843291	0.1656394004
349	0.5032843291	0.1656183931
350	0.5035183737	0.1655984727
351	0.5035183737	0.1655815992
352	0.5038311181	0.1655451082
353	0.5038311181	0.1655314062
354	0.5038311181	0.1655247602
355	0.5038311181	0.1655221766
356	0.5038311181	0.1655087241
357	0.5038311181	0.1655033252
358	0.5037523452	0.1654838503
359	0.5037523452	0.1654734981
360	0.5037523452	0.1654599922
361	0.503673597	0.1654441877
362	0.503673597	0.1653629025
363	0.5039862436	0.165311783
364	0.5039074711	0.1653025177
365	0.5039074711	0.1652952658
366	0.5038311181	0.1652033968
367	0.503673597	0.1651958242
368	0.5038311181	0.1651515646
369	0.5039862436	0.1651185837
370	0.5039862436	0.1651123118
371	0.5040650407	0.1650899147
372	0.5039862436	0.1650800614
373	0.5038311181	0.1650551164
374	0.5042988901	0.1650471875
375	0.5045326665	0.165033735
376	0.5046904315	0.1650204428
377	0.5046904315	0.165015828
378	0.5046115367	0.1650037296
379	0.5051610885	0.1649734392
380	0.5051610885	0.1649679335
381	0.5051610885	0.1649592918
382	0.5051610885	0.1649556392
383	0.5051610885	0.1649407969
384	0.5051610885	0.1649236383
385	0.5051610885	0.1649056066
386	0.5052368298	0.1648492486
387	0.5052368298	0.164845489
388	0.5052368298	0.1648276711
389	0.5052368298	0.1648191186
390	0.5051578618	0.1648037952
391	0.5051578618	0.1647869216
392	0.5051578618	0.164783073
393	0.5051578618	0.1647757498
394	0.5052368298	0.1647660747
395	0.5051578618	0.1647613708
396	0.5051578618	0.1647461721
397	0.5052368298	0.1647298866
398	0.5052368298	0.1647154541
399	0.5050789186	0.1646990438
400	0.5050789186	0.164691204
401	0.5053914674	0.1646620005
402	0.5053914674	0.1646504545
403	0.5053914674	0.16463563
404	0.5053914674	0.1646271131
405	0.5053914674	0.1646245473
406	0.5053125	0.164603932
407	0.5053914674	0.1645949518
408	0.5053914674	0.1645818378
409	0.5053125	0.1645588706
410	0.5053914674	0.1645506387
411	0.5053125	0.1645384691
412	0.5054704595	0.1645190832
413	0.5057040163	0.1645030828
414	0.5059375	0.1644871892
415	0.5059375	0.1644831268
416	0.5060165651	0.1644621195
417	0.5060165651	0.1644508586
418	0.50625	0.1644438027
419	0.50625	0.1644399362
420	0.50625	0.1644313123
421	0.50625	0.1644270895
422	0.5061709108	0.1644219936
423	0.5061709108	0.164412265
424	0.50625	0.1643968882
425	0.50625	0.1643842553
426	0.506483362	0.1643740635
427	0.50625	0.1643693952
428	0.50625	0.1643637291
429	0.50625	0.1643609139
430	0.5061709108	0.1643436662
431	0.5061709108	0.1643054646
432	0.5059375	0.1642999233
433	0.5061709108	0.164278328
434	0.5057040163	0.1641985217
435	0.5057040163	0.1641765879
436	0.5057040163	0.164169924
437	0.5064082526	0.1641193212
438	0.5064082526	0.1641096105
439	0.5066416628	0.164080603
440	0.5066416628	0.1640697875
441	0.5069542116	0.164058883
442	0.5069542116	0.1640520053
443	0.5069542116	0.1640449494
444	0.506875	0.16403237
445	0.506875	0.1640222672
446	0.5069542116	0.1639272623
447	0.506875	0.163914861
448	0.5069542116	0.1639101037
449	0.507033448	0.1639027805
450	0.5068000625	0.1638802409
451	0.5071082643	0.1638760715
452	0.5071082643	0.1638672695
453	0.5071082643	0.1638634208
454	0.506875	0.1638521777
455	0.5071082643	0.1638449793
456	0.506875	0.1638350725
457	0.5069585614	0.1637955168
458	0.5076586433	0.1637878552
459	0.5075793093	0.1637818149
460	0.5075793093	0.1637667766
461	0.5075793093	0.1637637654
462	0.5075793093	0.1637557117
463	0.5075793093	0.163752255
464	0.5075793093	0.1637461613
465	0.5075793093	0.163737484
466	0.5075793093	0.1637351677
467	0.5076586433	0.1637279158
468	0.5075793093	0.1637152473
469	0.5077380022	0.1637073718
470	0.5082044069	0.1636841551
471	0.508125	0.1636740523
472	0.508125	0.1636692237
473	0.508125	0.1636552723
474	0.508125	0.1636467732
475	0.508125	0.1636327861
476	0.508125	0.1636277793
477	0.5084375	0.1635520177
478	0.5084375	0.1635495588
479	0.5084375	0.1635409171
480	0.5082044069	0.1635157761
481	0.5082044069	0.1635074551
482	0.5082838387	0.1634541975
483	0.5077380022	0.1634414399
484	0.507971241	0.1634272747
485	0.5080506487	0.1634213591
486	0.5083632953	0.1633900888
487	0.5083632953	0.1633776341
488	0.5085964364	0.1633730727
489	0.5085964364	0.1633659455
490	0.5082838387	0.1632763216
491	0.5082838387	0.163270406
492	0.5082838387	0.1632631007
493	0.5085169558	0.1632578266
494	0.5084375	0.1632447661
495	0.5090625	0.1632094511
496	0.5090625	0.1632004708
497	0.5090625	0.1631940742
498	0.5090625	0.1631665991
499	0.5090625	0.1631502601
500	0.5088295046	0.1631306426
501	0.5088295046	0.1631175821
502	0.5090625	0.1631013143
503	0.5092954226	0.1630935101
504	0.5090625	0.163086472
505	0.50875	0.1628615747
506	0.5092954226	0.1628248343
507	0.5092954226	0.1628144642
508	0.5092954226	0.162808228
509	0.5092954226	0.1628022768
510	0.5094486959	0.1627590328
511	0.5094486959	0.1627519591
512	0.5094486959	0.1627354776
513	0.50921587	0.1627279941
514	0.50921587	0.1627158066
515	0.5093691443	0.1626950666
516	0.5093691443	0.1626867457
517	0.5094486959	0.1626401163
518	0.5092954226	0.1626289801
519	0.50921587	0.1626179152
520	0.5100734031	0.1625765421
521	0.5097610495	0.1625659226
522	0.5099141296	0.1625536995
523	0.5099141296	0.162548176
524	0.5099937539	0.1625358638
525	0.5104589447	0.1625332446
526	0.5104589447	0.1625231597
527	0.5103060587	0.1625052527
528	0.5101530772	0.1624861698
529	0.5099875156	0.1624496431
530	0.5097549555	0.1624421061
531	0.5097549555	0.1624402174
532	0.5097549555	0.1624370459
533	0.5097549555	0.1624242704
534	0.5097549555	0.1624121186
535	0.5099875156	0.1624084482
536	0.5102200031	0.1623934099
537	0.5102200031	0.1623726164
538	0.5102200031	0.1623505044
539	0.5102200031	0.1623437871
540	0.5102200031	0.1623399384
541	0.5102996255	0.1623192875
542	0.5102996255	0.162316009
543	0.5100671141	0.1623080088
544	0.5099875156	0.1622974962
545	0.5099875156	0.162284115
546	0.5099875156	0.162279607
547	0.5099875156	0.162272569
548	0.5102200031	0.1622252269
549	0.5102200031	0.1622135918
550	0.5102200031	0.1622003531
551	0.5102200031	0.1621870788
552	0.5102200031	0.1621852257
553	0.5104524181	0.1621803436
554	0.5105320643	0.16217033
555	0.5107644306	0.1621674435
556	0.5107644306	0.1621593542
557	0.5108441254	0.1621062034
558	0.5107644306	0.1620999315
559	0.5109967244	0.1620974192
560	0.5107644306	0.1620910404
561	0.5107644306	0.1620874056
562	0.5109238452	0.1620832362
563	0.5113884555	0.1620789421
564	0.511620652	0.1620484913
565	0.511620652	0.1620453019
566	0.5115480649	0.1619711439
567	0.5117803089	0.1618900903
568	0.5117803089	0.1618745175
569	0.511700468	0.161798934
570	0.511700468	0.161787103
571	0.511700468	0.1617777308
572	0.511700468	0.1616296285
573	0.5119326158	0.1616270984
574	0.5119326158	0.1616179934
575	0.5119326158	0.1616147862
576	0.5119326158	0.1616038104
577	0.5121646912	0.161591427
578	0.5121646912	0.1615849769
579	0.5121646912	0.1615706513
580	0.5121646912	0.1615655376
581	0.5121646912	0.1615409133
582	0.5121646912	0.1615297236
583	0.5122445796	0.1614987918
584	0.5124766064	0.1614858382
585	0.5124766064	0.1614791743
586	0.5124766064	0.1614728668
587	0.5124766064	0.1614623364
588	0.5124766064	0.1614454985
589	0.5127085607	0.1614295337
590	0.5127085607	0.1614275381
591	0.5127085607	0.1614171146
592	0.5126286249	0.1614150656
593	0.5124766064	0.1614010607
594	0.5127085607	0.1613930249
595	0.5127085607	0.1613854523
596	0.5124766064	0.1613759553
597	0.5124766064	0.1613648548
598	0.5124766064	0.1613615763
599	0.5122445796	0.161349086
600	0.5124766064	0.1613438653
601	0.5124766064	0.1613287914
602	0.5124766064	0.1613165327
603	0.5124766064	0.1613053965
604	0.5127805486	0.1612554352
605	0.5127805486	0.1612414125
606	0.512548714	0.1612365482
607	0.512548714	0.161231577
608	0.512548714	0.1612288687
609	0.5127085607	0.1612213139
610	0.5129404428	0.1612191401
611	0.5129404428	0.1612094116
612	0.5129404428	0.1612024091
613	0.5129404428	0.1611854465
614	0.5129404428	0.1611800121
615	0.5129404428	0.1611750052
616	0.5129404428	0.161164172
617	0.5127085607	0.1611563143
618	0.5127085607	0.1611515569
619	0.5127085607	0.1611405989
620	0.5127085607	0.1611240105
621	0.5129404428	0.1611224247
622	0.5129404428	0.1611157252
623	0.5129404428	0.1611105401
624	0.5129404428	0.1611071191
625	0.5127085607	0.1609759617
626	0.5127085607	0.1609703312
627	0.5127885215	0.1609657877
628	0.5127885215	0.1609568075
629	0.5128685073	0.1609423037
630	0.5128685073	0.1609361387
631	0.5128685073	0.1609300628
632	0.5130204273	0.160908129
633	0.5130204273	0.160906365
634	0.5130204273	0.1609034964
635	0.5130204273	0.1609015008
636	0.5130204273	0.1609000575
637	0.5130204273	0.1608961554
638	0.5131004367	0.1608847876
639	0.5130204273	0.1608814378
640	0.5130204273	0.1608660966
641	0.5130204273	0.1608282693
642	0.5130204273	0.1608277347
643	0.5131722525	0.1608125004
644	0.5132522607	0.1608042151
645	0.5132522607	0.1608022195
646	0.5132522607	0.1607927048
647	0.5132522607	0.1607860765
648	0.5134840218	0.1607572828
649	0.5134840218	0.1607509753
650	0.5132522607	0.1607422267
651	0.5134840218	0.1607396431
652	0.5134840218	0.1607353668
653	0.5136356553	0.1606812183
654	0.5136356553	0.1606749642
655	0.51340399	0.1606700286
656	0.5136356553	0.1606619928
657	0.5136356553	0.160653066
658	0.5131722525	0.1606029621
659	0.5131722525	0.1605832377
660	0.5131722525	0.160580761
661	0.5131722525	0.1605795138
662	0.5131722525	0.1605736161
663	0.5131722525	0.160555032
664	0.5133322938	0.1605292674
665	0.5133322938	0.1605268798
666	0.5133322938	0.1605210355
667	0.5133322938	0.1605191468
668	0.5133322938	0.1605132491
669	0.5133322938	0.1604585126
670	0.5133322938	0.1604535236
671	0.5133322938	0.1604488553
672	0.5135640786	0.1603950274
673	0.5133322938	0.1603901988
674	0.5136441603	0.1603674988
675	0.5138758965	0.1603618327
676	0.5138758965	0.1603552579
677	0.5138758965	0.1603456363
678	0.5138758965	0.1603339477
679	0.5138758965	0.1603316671
680	0.5138758965	0.1603082722
681	0.5138758965	0.1603064904
682	0.5137957911	0.1602911492
683	0.5137957911	0.1602766454
684	0.5137157107	0.1602536604
685	0.5137157107	0.1602432904
686	0.5137157107	0.1602382835
687	0.5137157107	0.1602297844
688	0.5137957911	0.1602125011
689	0.5137957911	0.1602066924
690	0.5137157107	0.1602048572
691	0.5137957911	0.1601951643
692	0.5135640786	0.1601866651
693	0.5135640786	0.1601830837
694	0.5137157107	0.1601773464
695	0.5139473274	0.1601570162
696	0.5139473274	0.1601537199
697	0.5137157107	0.1601231622
698	0.5137157107	0.1601152511
699	0.5139473274	0.1601102442
700	0.5139473274	0.1600988051
701	0.5139473274	0.160088934
702	0.5137157107	0.1600808625
703	0.5137157107	0.160072114
704	0.5137157107	0.1600664479
705	0.5137157107	0.1600579487
706	0.5137157107	0.1600513918
707	0.5137157107	0.1600430708
708	0.5137157107	0.1600377433
709	0.5137157107	0.1600262864
710	0.5139473274	0.1600159342
711	0.5139473274	0.1600076845
712	0.5139473274	0.1600063303
713	0.5139473274	0.1599978668
714	0.5139473274	0.1599899913
715	0.5139473274	0.1599831315
716	0.5139473274	0.1599735276
717	0.5139473274	0.1599603246
718	0.5137157107	0.1599488142
719	0.5137157107	0.1599440747
720	0.5137157107	0.1599377671
721	0.5137157107	0.1599216598
722	0.5137157107	0.1599134814
723	0.5137157107	0.1599079578
724	0.5137157107	0.1598984965
725	0.5139473274	0.1598953784
726	0.5137157107	0.1598874672
727	0.5136356553	0.159877418
728	0.5138672484	0.159868901
729	0.5138672484	0.1598659076
730	0.5138672484	0.1598616491
731	0.5138672484	0.1598583885
732	0.5138672484	0.1598536133
733	0.5138672484	0.1598500141
734	0.5138672484	0.1598333187
735	0.5138672484	0.1598294522
736	0.5136356553	0.1598122223
737	0.5136356553	0.1597955804
738	0.5136356553	0.1597880613
739	0.5136356553	0.1597821101
740	0.5136356553	0.1597738426
741	0.5136356553	0.159769887
742	0.5136356553	0.1597579312
743	0.5136356553	0.1597454409
744	0.5136356553	0.1597351243
745	0.5136356553	0.1597187319
746	0.5136356553	0.1597144022
747	0.5136356553	0.1597064019
748	0.5141788719	0.1596858401
749	0.5144103443	0.1596721203
750	0.5144103443	0.1596621958
751	0.5144103443	0.1596569929
752	0.5144103443	0.1596491352
753	0.5141788719	0.1596412597
754	0.5144103443	0.159619219
755	0.5146508728	0.1595831378
756	0.5146508728	0.1595695071
757	0.5146508728	0.1595595113
758	0.5153450693	0.1595488562
759	0.5152647975	0.1595326598
760	0.5152647975	0.1595223432
761	0.5152647975	0.159519332
762	0.5150334943	0.1595132026
763	0.5150334943	0.1595074653
764	0.5150334943	0.1594995363
765	0.5152647975	0.1594910194
766	0.5150334943	0.1594854245
767	0.5150334943	0.1594815759
768	0.5150334943	0.1594741102
769	0.5150334943	0.159470511
770	0.5150334943	0.1594608359
771	0.5150334943	0.1594584126
772	0.5150334943	0.159452996
773	0.5150334943	0.1594487019
774	0.5150334943	0.1594387595
775	0.5150334943	0.1594272492
776	0.5150334943	0.1594210485
777	0.5150334943	0.1594196587
778	0.5152647975	0.1594119614
779	0.5152647975	0.1594061171
780	0.5152647975	0.1593979031
781	0.5152647975	0.1593916668
782	0.515576324	0.1593559776
783	0.515576324	0.1593524497
784	0.515576324	0.1593435229
785	0.515576324	0.1593031476
786	0.515576324	0.1592994593
787	0.515576324	0.1592942208
788	0.515576324	0.1592811069
789	0.515576324	0.1592736412
790	0.515576324	0.1592690798
791	0.5152647975	0.1592512441
792	0.5152647975	0.1592445268
793	0.5152647975	0.1592360633
794	0.5152647975	0.159223662
795	0.5152647975	0.1592095859
796	0.5152647975	0.1592014075
797	0.5152647975	0.1591882223
798	0.5154960287	0.1591839282
799	0.5154960287	0.1591737898
800	0.5154960287	0.1591661637
801	0.5154960287	0.1591444794
802	0.5152647975	0.159132773
803	0.5154960287	0.1591251113
804	0.515576324	0.1590904199
805	0.5150334943	0.1590826691
806	0.5150334943	0.159073778
807	0.5150334943	0.159068397
808	0.5150334943	0.1590636931
809	0.5150334943	0.1590619648
810	0.5150334943	0.1590565125
811	0.5150334943	0.1590487082
812	0.5150334943	0.1590444676
813	0.5152647975	0.1590398528
814	0.5152647975	0.1590258123
815	0.5152647975	0.1590246897
816	0.5152647975	0.1590218389
817	0.5154960287	0.1590150503
818	0.515576324	0.1590089031
819	0.5153450693	0.1589976422
820	0.5153450693	0.1589853479
821	0.5153450693	0.1589758687
822	0.5153450693	0.1589695612
823	0.515576324	0.1589562691
824	0.5153450693	0.1589377207
825	0.5153450693	0.1589227715
826	0.5157271878	0.158890432
827	0.5157271878	0.1588841779
828	0.5154960287	0.1588797769
829	0.5154960287	0.1588682666
830	0.5154960287	0.1588556159
831	0.5157271878	0.1588480967
832	0.5159582749	0.1588453528
833	0.5162696559	0.1588388314
834	0.5160386173	0.1587948034
835	0.5162696559	0.1587893333
836	0.5162696559	0.1587839345
837	0.5162696559	0.1587830614
838	0.5161892902	0.1587667046
839	0.5162696559	0.1587627669
840	0.5162696559	0.1587523434
841	0.5163500467	0.158643494
842	0.5163500467	0.1586289546
843	0.5161189846	0.1586237518
844	0.5161189846	0.1586127759
845	0.5165006227	0.1586057022
846	0.5162696559	0.1586014438
847	0.5165006227	0.158596134
848	0.5165006227	0.158588508
849	0.5165006227	0.158581755
850	0.5165006227	0.1585726501
851	0.5165006227	0.1585634917
852	0.5165006227	0.1585565605
853	0.5165006227	0.1585518031
854	0.5162696559	0.1585468141
855	0.5162696559	0.1585433218
856	0.5162696559	0.1585423597
857	0.5165006227	0.1585274817
858	0.5162696559	0.1585222967
859	0.5165006227	0.1585175928
860	0.5165006227	0.1585125325
861	0.5162696559	0.1584980288
862	0.5162696559	0.1584856632
863	0.5162696559	0.1584719612
864	0.5162696559	0.158468362
865	0.5162696559	0.1584615734
866	0.5163500467	0.1584427221
867	0.5163500467	0.1584402632
868	0.5163500467	0.1584325837
869	0.5165810369	0.158427951
870	0.5162696559	0.1584201112
871	0.5162696559	0.1584168861
872	0.5162696559	0.1584136967
873	0.5165006227	0.158407603
874	0.5165810369	0.1583984803
875	0.5165810369	0.1583911037
876	0.5165810369	0.1583825511
877	0.5165810369	0.158379718
878	0.5165810369	0.1583771523
879	0.5165810369	0.158374729
880	0.5163500467	0.15835937
881	0.5163500467	0.1583547374
882	0.5162696559	0.1583494455
883	0.5162696559	0.1583375966
884	0.5162696559	0.1583333381
885	0.5162696559	0.1583318414
886	0.5160386173	0.1583261397
887	0.5160386173	0.1583200816
888	0.5162696559	0.1583125981
889	0.5162696559	0.1583071993
890	0.5162696559	0.1583016044
891	0.5167315175	0.1581845053
892	0.5165006227	0.1581757033
893	0.5165006227	0.158170447
894	0.5167315175	0.1581553374
895	0.5168119552	0.1581518808
896	0.5168119552	0.1581460365
897	0.5166614762	0.1581438627
898	0.5165810369	0.1581393726
899	0.5168119552	0.1581290561
900	0.5170428016	0.1581189711
901	0.5170428016	0.1581148018
902	0.5166614762	0.1580289017
903	0.5168924179	0.1580264072
904	0.5166614762	0.1580220419
905	0.5169729056	0.1580117431
906	0.5169729056	0.1579998586
907	0.5171232877	0.1579854439
908	0.5168924179	0.1579809182
909	0.5168924179	0.1579748957
910	0.5168924179	0.1579641872
911	0.5168924179	0.1579555633
912	0.5168924179	0.1579501467
913	0.5168924179	0.1579384225
914	0.5168924179	0.1579362666
915	0.5168924179	0.1579284445
916	0.5168924179	0.1579222083
917	0.5169729056	0.157914012
918	0.5169729056	0.1579046042
919	0.5167419405	0.1578963189
920	0.5167419405	0.1578883365
921	0.5174346202	0.1578843453
922	0.5172037988	0.1578770221
923	0.5171232877	0.1577920486
924	0.5171232877	0.1577849037
925	0.5171232877	0.157779683
926	0.5172037988	0.1577727875
927	0.5171232877	0.1577679767
928	0.5175848117	0.1577603863
929	0.5176653696	0.1577545776
930	0.5175848117	0.1577426396
931	0.5175848117	0.1577364568
932	0.5176653696	0.1577345503
933	0.5175848117	0.1577253385
934	0.517815466	0.1577060595
935	0.517815466	0.157703957
936	0.5175848117	0.1576645261
937	0.5175848117	0.1576582898
938	0.5173540856	0.1576545659
939	0.5174346202	0.1576510201
940	0.5174346202	0.1576438751
941	0.5176653696	0.1576352691
942	0.5176653696	0.1576314917
943	0.5174346202	0.1576172018
944	0.5178960473	0.1576125157
945	0.517815466	0.1575987246
946	0.517815466	0.1575948403
947	0.5180460485	0.1575892455
948	0.5180460485	0.157587731
949	0.5180460485	0.157583811
950	0.5182765593	0.157577753
951	0.5182765593	0.1575630176
952	0.5182765593	0.1575487455
953	0.5181959565	0.1575416539
954	0.5181959565	0.1575324955
955	0.5181959565	0.1575248517
956	0.5182765593	0.1575178671
957	0.5182765593	0.1575011183
958	0.5184263723	0.1574974834
959	0.5184263723	0.1574942049
960	0.5185069984	0.1574704002
961	0.5185069984	0.157461812
962	0.5185069984	0.1574605113
963	0.5186683261	0.1574332856
964	0.5188987401	0.1574213654
965	0.5188987401	0.1574173742
966	0.5188180404	0.1574135077
967	0.5188987401	0.157391663
968	0.5188987401	0.1573898099
969	0.5183571873	0.1573674307
970	0.5183571873	0.1573598403
971	0.5183571873	0.1573561876
972	0.5183571873	0.1573426638
973	0.5184378404	0.1573324185
974	0.5183571873	0.1572465898
975	0.5183571873	0.1572409059
976	0.5183571873	0.1572351864
977	0.5183571873	0.1572275247
978	0.5183571873	0.1572227495
979	0.5183571873	0.1572171012
980	0.5183571873	0.1572162103
981	0.5183571873	0.157207533
982	0.5183571873	0.1572032745
983	0.5183571873	0.157200976
984	0.5183571873	0.1571962365
985	0.5183571873	0.1571858665
986	0.5183571873	0.1571764943
987	0.5183571873	0.1571692424
988	0.5183571873	0.1571640217
989	0.5183571873	0.1571465246
990	0.5183571873	0.157144921
991	0.5183571873	0.1571265329
992	0.5183571873	0.157119673
993	0.5182765593	0.1571142208
994	0.5182765593	0.1571132764
995	0.5182765593	0.1571027104
996	0.5182765593	0.1570979708
997	0.5182765593	0.1570898815
998	0.5181959565	0.157074968
999	0.5181959565	0.1570646336
1000	0.5181959565	0.1570618896
1001	0.5181959565	0.1570566868
1002	0.5182765593	0.1570521254
1003	0.517965469	0.1570431809
1004	0.5181959565	0.1570329178
1005	0.5184263723	0.1570319378
1006	0.5182765593	0.15702702
1007	0.5182765593	0.1570240444
1008	0.5186567164	0.1570106989
1009	0.5184263723	0.1569980125
1010	0.5184263723	0.1569913486
1011	0.5184263723	0.1569905468
1012	0.5186567164	0.1569812459
1013	0.5186567164	0.1569737267
1014	0.518886989	0.1569692545
1015	0.518886989	0.1569657265
1016	0.5191171899	0.1569229101
1017	0.5193473193	0.1569133954
1018	0.5193473193	0.1569050923
1019	0.5191978859	0.1568867755
1020	0.5191978859	0.1568802363
1021	0.5191978859	0.156870579
1022	0.5191978859	0.1568668016
1023	0.5194280385	0.1568591221
1024	0.5191978859	0.1568492688
1025	0.5194280385	0.1568437809
1026	0.519278607	0.1567924476
1027	0.5195087828	0.1567830041
1028	0.5195087828	0.1567795296
1029	0.5195087828	0.1567738814
1030	0.5195087828	0.1567633332
1031	0.5196581197	0.1567592885
1032	0.5196581197	0.1567492392
1033	0.5198881293	0.1567441612
1034	0.5198881293	0.1567400452
1035	0.5198881293	0.1567355017
1036	0.5198881293	0.1567267531
1037	0.5198881293	0.1567211583
1038	0.5198881293	0.15671355
1039	0.5198881293	0.1567034473
1040	0.5198881293	0.1567005608
1041	0.5198881293	0.1566929882
1042	0.5198881293	0.1566876428
1043	0.5198881293	0.1566724798
1044	0.5198881293	0.1566699675
1045	0.5198881293	0.1566610585
1046	0.5198881293	0.1566552321
1047	0.5198881293	0.1566546976
1048	0.5198881293	0.156644969
1049	0.5198881293	0.1566418687
1050	0.5198881293	0.1566344386
1051	0.51996892	0.1566212356
1052	0.51996892	0.1566171196
1053	0.51996892	0.1566103132
1054	0.51996892	0.1566015112
1055	0.5197388872	0.1565949898
1056	0.5197388872	0.1565864729
1057	0.5197388872	0.156580593
1058	0.5197388872	0.1565764592
1059	0.5197388872	0.1565682987
1060	0.5197388872	0.1565669089
1061	0.5198196798	0.1565607973
1062	0.5198196798	0.1565532425
1063	0.5198196798	0.1565481644
1064	0.5198196798	0.1565406097
1065	0.5198196798	0.1565360661
1066	0.5195895522	0.1565305426
1067	0.5198196798	0.1565207784
1068	0.5197388872	0.1565080386
1069	0.5197388872	0.1565073437
1070	0.5197388872	0.1565034237
1071	0.5197388872	0.1564968311
1072	0.5197388872	0.1564900247
1073	0.5191978859	0.1564784787
1074	0.5191978859	0.1564740242
1075	0.5194280385	0.1564718683
1076	0.5194280385	0.1564676633
1077	0.519278607	0.1564602332
1078	0.519278607	0.1564515915
1079	0.519278607	0.1564401881
1080	0.5190483595	0.1564379252
1081	0.5190483595	0.1564286599
1082	0.5190483595	0.1564254349
1083	0.519278607	0.1564177732
1084	0.519278607	0.1564118042
1085	0.5190483595	0.156406049
1086	0.5190483595	0.1563893358
1087	0.5190483595	0.1563835985
1088	0.5190483595	0.1563826363
1089	0.5190483595	0.1563793935
1090	0.519278607	0.1563722129
1091	0.519278607	0.1563703954
1092	0.519278607	0.156365549
1093	0.5190483595	0.1563557491
1094	0.5191290824	0.1563402832
1095	0.5191290824	0.156332675
1096	0.5193593531	0.1563208795
1097	0.5193593531	0.1563166923
1098	0.5193593531	0.1563073023
1099	0.5188987401	0.1562759072
1100	0.5190483595	0.1562649136
1101	0.5191290824	0.156263506
1102	0.5191290824	0.1562575191
1103	0.5188987401	0.1562475946
1104	0.5188987401	0.1562433539
1105	0.5188987401	0.1562403249
1106	0.5188987401	0.1562348192
1107	0.5186683261	0.1562340886
1108	0.5186683261	0.1562270327
1109	0.5186683261	0.1562225426
1110	0.5186683261	0.1562180347
1111	0.5186683261	0.1562117628
1112	0.5188987401	0.1561917177
1113	0.5189794648	0.1561586834
1114	0.5189794648	0.1561545318
1115	0.5191290824	0.1561299787
1116	0.5192098305	0.1561253461
1117	0.5192098305	0.1561192167
1118	0.5192098305	0.1561052475
1119	0.5192098305	0.156101096
1120	0.5196703468	0.1560975146
1121	0.5196703468	0.1560928463
1122	0.5196703468	0.1560845431
1123	0.5194401244	0.1560779862
1124	0.5196703468	0.1560624133
1125	0.5196703468	0.1560555534
1126	0.5196703468	0.1560404261
1127	0.5196703468	0.1560376287
1128	0.5196017424	0.156031036
1129	0.5196017424	0.1560161937
1130	0.5196017424	0.1560023136
1131	0.5193714019	0.1559975384
1132	0.5193714019	0.1559901262
1133	0.5196825891	0.1559697069
1134	0.5193714019	0.1559620096
1135	0.5193714019	0.155954241
1136	0.5194522253	0.1559511763
1137	0.5199128811	0.1559462407
1138	0.5197634609	0.1559408597
1139	0.5199937763	0.1559378485
1140	0.5197634609	0.1559294919
1141	0.5197634609	0.1559193536
1142	0.5199128811	0.1559127788
1143	0.5199937763	0.1559052062
1144	0.5199937763	0.155893286
1145	0.5199128811	0.1558871032
1146	0.5199937763	0.155884769
1147	0.5201431016	0.1558732587
1148	0.5200622084	0.1558697664
1149	0.5200622084	0.1558559397
1150	0.5201431016	0.1558505765
1151	0.5203732504	0.1558314758
1152	0.520292334	0.1558237784
1153	0.5203732504	0.1558180233
1154	0.520292334	0.155798281
1155	0.5202114428	0.1557918132
1156	0.5201305767	0.1557684005
1157	0.5202114428	0.155764142
1158	0.5202114428	0.1557577097
1159	0.5202114428	0.155750636
1160	0.520292334	0.1557258692
1161	0.5202114428	0.1557175482
1162	0.5202114428	0.1557048263
1163	0.5202114428	0.1557020288
1164	0.5202114428	0.1556705268
1165	0.5202114428	0.1556666247
1166	0.520292334	0.1556628473
1167	0.520292334	0.1556547758
1168	0.520292334	0.1556485217
1169	0.5202114428	0.1556422142
1170	0.520292334	0.155633822
1171	0.520292334	0.1556181066
1172	0.520292334	0.1556080573
1173	0.520292334	0.1555941237
1174	0.5205223881	0.155585393
1175	0.5205223881	0.1555812592
1176	0.5205223881	0.1555775175
1177	0.5205223881	0.155572279
1178	0.5205223881	0.1555679849
1179	0.5205223881	0.1555606618
1180	0.5204414737	0.1555514856
1181	0.5205223881	0.1555459442
1182	0.5205223881	0.1555305317
1183	0.5205223881	0.1555276274
1184	0.5205223881	0.1555244024
1185	0.5205223881	0.1555181305
1186	0.5205223881	0.1555156182
1187	0.5205223881	0.1555077783
1188	0.5205223881	0.1555058896
1189	0.5205223881	0.155504286
1190	0.5205223881	0.1554991901
1191	0.5205223881	0.1554950207
1192	0.5205223881	0.1554887488
1193	0.5206842924	0.155482958
1194	0.5206842924	0.1554770781
1195	0.5206842924	0.1554724276
1196	0.5205223881	0.1554555541
1197	0.5205223881	0.1554531308
1198	0.5206033276	0.1554386093
1199	0.5205223881	0.155429344
